<?xml version="1.0" encoding="UTF-8"?>
<GenRun Id="impl_1" LaunchPart="xc7a35ticsg324-1L" LaunchTime="1607945609">
  <File Type="BITSTR-BMM" Name="lab10_bd.bmm"/>
  <File Type="OPT-METHODOLOGY-DRC" Name="lab10_methodology_drc_opted.rpt"/>
  <File Type="INIT-TIMING" Name="lab10_timing_summary_init.rpt"/>
  <File Type="ROUTE-PWR" Name="lab10_power_routed.rpt"/>
  <File Type="PA-TCL" Name="lab10.tcl"/>
  <File Type="OPT-TIMING" Name="lab10_timing_summary_opted.rpt"/>
  <File Type="OPT-DCP" Name="lab10_opt.dcp"/>
  <File Type="ROUTE-PWR-SUM" Name="lab10_power_summary_routed.pb"/>
  <File Type="REPORTS-TCL" Name="lab10_reports.tcl"/>
  <File Type="OPT-DRC" Name="lab10_drc_opted.rpt"/>
  <File Type="OPT-HWDEF" Name="lab10.hwdef"/>
  <File Type="PWROPT-DCP" Name="lab10_pwropt.dcp"/>
  <File Type="PWROPT-DRC" Name="lab10_drc_pwropted.rpt"/>
  <File Type="PWROPT-TIMING" Name="lab10_timing_summary_pwropted.rpt"/>
  <File Type="PLACE-DCP" Name="lab10_placed.dcp"/>
  <File Type="PLACE-IO" Name="lab10_io_placed.rpt"/>
  <File Type="PLACE-CLK" Name="lab10_clock_utilization_placed.rpt"/>
  <File Type="PLACE-UTIL" Name="lab10_utilization_placed.rpt"/>
  <File Type="PLACE-UTIL-PB" Name="lab10_utilization_placed.pb"/>
  <File Type="PLACE-CTRL" Name="lab10_control_sets_placed.rpt"/>
  <File Type="PLACE-SIMILARITY" Name="lab10_incremental_reuse_placed.rpt"/>
  <File Type="PLACE-PRE-SIMILARITY" Name="lab10_incremental_reuse_pre_placed.rpt"/>
  <File Type="PLACE-TIMING" Name="lab10_timing_summary_placed.rpt"/>
  <File Type="POSTPLACE-PWROPT-DCP" Name="lab10_postplace_pwropt.dcp"/>
  <File Type="BG-BIN" Name="lab10.bin"/>
  <File Type="POSTPLACE-PWROPT-TIMING" Name="lab10_timing_summary_postplace_pwropted.rpt"/>
  <File Type="PHYSOPT-DCP" Name="lab10_physopt.dcp"/>
  <File Type="PHYSOPT-DRC" Name="lab10_drc_physopted.rpt"/>
  <File Type="BITSTR-MSK" Name="lab10.msk"/>
  <File Type="PHYSOPT-TIMING" Name="lab10_timing_summary_physopted.rpt"/>
  <File Type="ROUTE-ERROR-DCP" Name="lab10_routed_error.dcp"/>
  <File Type="ROUTE-DCP" Name="lab10_routed.dcp"/>
  <File Type="ROUTE-BLACKBOX-DCP" Name="lab10_routed_bb.dcp"/>
  <File Type="ROUTE-DRC" Name="lab10_drc_routed.rpt"/>
  <File Type="ROUTE-DRC-PB" Name="lab10_drc_routed.pb"/>
  <File Type="ROUTE-DRC-RPX" Name="lab10_drc_routed.rpx"/>
  <File Type="BITSTR-MMI" Name="lab10.mmi"/>
  <File Type="ROUTE-METHODOLOGY-DRC" Name="lab10_methodology_drc_routed.rpt"/>
  <File Type="ROUTE-METHODOLOGY-DRC-RPX" Name="lab10_methodology_drc_routed.rpx"/>
  <File Type="ROUTE-METHODOLOGY-DRC-PB" Name="lab10_methodology_drc_routed.pb"/>
  <File Type="ROUTE-PWR-RPX" Name="lab10_power_routed.rpx"/>
  <File Type="ROUTE-STATUS" Name="lab10_route_status.rpt"/>
  <File Type="ROUTE-STATUS-PB" Name="lab10_route_status.pb"/>
  <File Type="ROUTE-TIMINGSUMMARY" Name="lab10_timing_summary_routed.rpt"/>
  <File Type="ROUTE-TIMING-PB" Name="lab10_timing_summary_routed.pb"/>
  <File Type="ROUTE-TIMING-RPX" Name="lab10_timing_summary_routed.rpx"/>
  <File Type="ROUTE-SIMILARITY" Name="lab10_incremental_reuse_routed.rpt"/>
  <File Type="ROUTE-CLK" Name="lab10_clock_utilization_routed.rpt"/>
  <File Type="ROUTE-BUS-SKEW" Name="lab10_bus_skew_routed.rpt"/>
  <File Type="ROUTE-BUS-SKEW-PB" Name="lab10_bus_skew_routed.pb"/>
  <File Type="ROUTE-BUS-SKEW-RPX" Name="lab10_bus_skew_routed.rpx"/>
  <File Type="POSTROUTE-PHYSOPT-DCP" Name="lab10_postroute_physopt.dcp"/>
  <File Type="POSTROUTE-PHYSOPT-BLACKBOX-DCP" Name="lab10_postroute_physopt_bb.dcp"/>
  <File Type="POSTROUTE-PHYSOPT-TIMING" Name="lab10_timing_summary_postroute_physopted.rpt"/>
  <File Type="POSTROUTE-PHYSOPT-TIMING-PB" Name="lab10_timing_summary_postroute_physopted.pb"/>
  <File Type="POSTROUTE-PHYSOPT-TIMING-RPX" Name="lab10_timing_summary_postroute_physopted.rpx"/>
  <File Type="POSTROUTE-PHYSOPT-BUS-SKEW" Name="lab10_bus_skew_postroute_physopted.rpt"/>
  <File Type="POSTROUTE-PHYSOPT-BUS-SKEW-PB" Name="lab10_bus_skew_postroute_physopted.pb"/>
  <File Type="BG-BIT" Name="lab10.bit"/>
  <File Type="POSTROUTE-PHYSOPT-BUS-SKEW-RPX" Name="lab10_bus_skew_postroute_physopted.rpx"/>
  <File Type="BITSTR-RBT" Name="lab10.rbt"/>
  <File Type="BITSTR-NKY" Name="lab10.nky"/>
  <File Type="PDI-FILE" Name="lab10.pdi"/>
  <File Type="RCFI_FILE" Name="lab10.rcfi"/>
  <File Type="CFI_FILE" Name="lab10.cfi"/>
  <File Type="RNPI_FILE" Name="lab10.rnpi"/>
  <File Type="NPI_FILE" Name="lab10.npi"/>
  <File Type="RBD_FILE" Name="lab10.rbd"/>
  <File Type="BITSTR-LTX" Name="debug_nets.ltx"/>
  <File Type="BITSTR-LTX" Name="lab10.ltx"/>
  <File Type="BITSTR-SYSDEF" Name="lab10.sysdef"/>
  <File Type="BG-BGN" Name="lab10.bgn"/>
  <File Type="BG-DRC" Name="lab10.drc"/>
  <File Type="RDI-RDI" Name="lab10.vdi"/>
  <File Type="WBT-USG" Name="usage_statistics_webtalk.html"/>
  <FileSet Name="sources" Type="DesignSrcs" RelSrcDir="$PSRCDIR/sources_1">
    <Filter Type="Srcs"/>
    <File Path="$PSRCDIR/sources_1/clk_divider.v">
      <FileInfo>
        <Attr Name="UsedIn" Val="synthesis"/>
        <Attr Name="UsedIn" Val="implementation"/>
        <Attr Name="UsedIn" Val="simulation"/>
      </FileInfo>
    </File>
    <File Path="$PSRCDIR/sources_1/sram.v">
      <FileInfo>
        <Attr Name="UsedIn" Val="synthesis"/>
        <Attr Name="UsedIn" Val="implementation"/>
        <Attr Name="UsedIn" Val="simulation"/>
      </FileInfo>
    </File>
    <File Path="$PSRCDIR/sources_1/vga_sync.v">
      <FileInfo>
        <Attr Name="UsedIn" Val="synthesis"/>
        <Attr Name="UsedIn" Val="implementation"/>
        <Attr Name="UsedIn" Val="simulation"/>
      </FileInfo>
    </File>
    <File Path="$PSRCDIR/sources_1/lab10.v">
      <FileInfo>
        <Attr Name="UsedIn" Val="synthesis"/>
        <Attr Name="UsedIn" Val="implementation"/>
        <Attr Name="UsedIn" Val="simulation"/>
      </FileInfo>
    </File>
    <File Path="$PSRCDIR/sources_1/images.mem">
      <FileInfo>
        <Attr Name="UsedIn" Val="synthesis"/>
        <Attr Name="UsedIn" Val="simulation"/>
      </FileInfo>
    </File>
    <Config>
      <Option Name="DesignMode" Val="RTL"/>
      <Option Name="TopModule" Val="lab10"/>
      <Option Name="TopAutoSet" Val="TRUE"/>
    </Config>
  </FileSet>
  <FileSet Name="constrs_in" Type="Constrs" RelSrcDir="$PSRCDIR/constrs_1">
    <Filter Type="Constrs"/>
    <File Path="$PSRCDIR/constrs_1/lab10.xdc">
      <FileInfo>
        <Attr Name="UsedIn" Val="synthesis"/>
        <Attr Name="UsedIn" Val="implementation"/>
      </FileInfo>
    </File>
    <Config>
      <Option Name="ConstrsType" Val="XDC"/>
    </Config>
  </FileSet>
  <FileSet Name="utils" Type="Utils" RelSrcDir="$PSRCDIR/utils_1">
    <Filter Type="Utils"/>
    <Config>
      <Option Name="TopAutoSet" Val="TRUE"/>
    </Config>
  </FileSet>
  <Strategy Version="1" Minor="2">
    <StratHandle Name="Vivado Implementation Defaults" Flow="Vivado Implementation 2018"/>
    <Step Id="init_design"/>
    <Step Id="opt_design"/>
    <Step Id="power_opt_design"/>
    <Step Id="place_design"/>
    <Step Id="post_place_power_opt_design"/>
    <Step Id="phys_opt_design"/>
    <Step Id="route_design"/>
    <Step Id="post_route_phys_opt_design"/>
    <Step Id="write_bitstream"/>
  </Strategy>
</GenRun>
