<?xml version="1.0" encoding="UTF-8"?>
<GenRun Id="synth_1" LaunchPart="xc7a35ticsg324-1L" LaunchTime="1606712715">
  <File Type="PA-TCL" Name="lab8.tcl"/>
  <File Type="RDS-PROPCONSTRS" Name="lab8_drc_synth.rpt"/>
  <File Type="REPORTS-TCL" Name="lab8_reports.tcl"/>
  <File Type="RDS-RDS" Name="lab8.vds"/>
  <File Type="RDS-UTIL" Name="lab8_utilization_synth.rpt"/>
  <File Type="RDS-UTIL-PB" Name="lab8_utilization_synth.pb"/>
  <File Type="RDS-DCP" Name="lab8.dcp"/>
  <File Type="VDS-TIMINGSUMMARY" Name="lab8_timing_summary_synth.rpt"/>
  <File Type="VDS-TIMING-PB" Name="lab8_timing_summary_synth.pb"/>
  <FileSet Name="sources" Type="DesignSrcs" RelSrcDir="$PSRCDIR/sources_1">
    <Filter Type="Srcs"/>
    <File Path="$PSRCDIR/sources_1/imports/sources_1/imports/LCD_module.v">
      <FileInfo>
        <Attr Name="ImportPath" Val="$PPRDIR/../lab6/lab6.srcs/sources_1/imports/LCD_module.v"/>
        <Attr Name="ImportTime" Val="1505625298"/>
        <Attr Name="UsedIn" Val="synthesis"/>
        <Attr Name="UsedIn" Val="implementation"/>
        <Attr Name="UsedIn" Val="simulation"/>
      </FileInfo>
    </File>
    <File Path="$PSRCDIR/sources_1/imports/sources_1/imports/clk_divider.v">
      <FileInfo>
        <Attr Name="ImportPath" Val="$PPRDIR/../lab6/lab6.srcs/sources_1/imports/clk_divider.v"/>
        <Attr Name="ImportTime" Val="1447312958"/>
        <Attr Name="UsedIn" Val="synthesis"/>
        <Attr Name="UsedIn" Val="implementation"/>
        <Attr Name="UsedIn" Val="simulation"/>
      </FileInfo>
    </File>
    <File Path="$PSRCDIR/sources_1/imports/sources_1/imports/debounce.v">
      <FileInfo>
        <Attr Name="ImportPath" Val="$PPRDIR/../lab6/lab6.srcs/sources_1/imports/debounce.v"/>
        <Attr Name="ImportTime" Val="1507689478"/>
        <Attr Name="UsedIn" Val="synthesis"/>
        <Attr Name="UsedIn" Val="implementation"/>
        <Attr Name="UsedIn" Val="simulation"/>
      </FileInfo>
    </File>
    <File Path="$PSRCDIR/sources_1/imports/sources_1/imports/sd_card.v">
      <FileInfo>
        <Attr Name="ImportPath" Val="$PPRDIR/../lab6/lab6.srcs/sources_1/imports/sd_card.v"/>
        <Attr Name="ImportTime" Val="1505608202"/>
        <Attr Name="UsedIn" Val="synthesis"/>
        <Attr Name="UsedIn" Val="implementation"/>
        <Attr Name="UsedIn" Val="simulation"/>
      </FileInfo>
    </File>
    <File Path="$PSRCDIR/sources_1/imports/sources_1/imports/sram.v">
      <FileInfo>
        <Attr Name="ImportPath" Val="$PPRDIR/../lab6/lab6.srcs/sources_1/imports/sram.v"/>
        <Attr Name="ImportTime" Val="1476502314"/>
        <Attr Name="UsedIn" Val="synthesis"/>
        <Attr Name="UsedIn" Val="implementation"/>
        <Attr Name="UsedIn" Val="simulation"/>
      </FileInfo>
    </File>
    <File Path="$PSRCDIR/sources_1/imports/sources_1/new/lab8.v">
      <FileInfo>
        <Attr Name="ImportPath" Val="$PSRCDIR/sources_1/imports/sources_1/new/lab8.v"/>
        <Attr Name="ImportTime" Val="1574690666"/>
        <Attr Name="UsedIn" Val="synthesis"/>
        <Attr Name="UsedIn" Val="implementation"/>
        <Attr Name="UsedIn" Val="simulation"/>
      </FileInfo>
    </File>
    <Config>
      <Option Name="DesignMode" Val="RTL"/>
      <Option Name="TopModule" Val="lab8"/>
      <Option Name="TopAutoSet" Val="TRUE"/>
    </Config>
  </FileSet>
  <FileSet Name="constrs_in" Type="Constrs" RelSrcDir="$PSRCDIR/constrs_1">
    <Filter Type="Constrs"/>
    <File Path="$PSRCDIR/constrs_1/imports/new/lab8.xdc">
      <FileInfo>
        <Attr Name="ImportPath" Val="$PPRDIR/../lab6/lab6.srcs/constrs_1/new/lab8.xdc"/>
        <Attr Name="ImportTime" Val="1508487878"/>
        <Attr Name="UsedIn" Val="synthesis"/>
        <Attr Name="UsedIn" Val="implementation"/>
      </FileInfo>
    </File>
    <Config>
      <Option Name="ConstrsType" Val="XDC"/>
    </Config>
  </FileSet>
  <FileSet Name="utils" Type="Utils" RelSrcDir="$PSRCDIR/utils_1">
    <Filter Type="Utils"/>
    <Config>
      <Option Name="TopAutoSet" Val="TRUE"/>
    </Config>
  </FileSet>
  <Strategy Version="1" Minor="2">
    <StratHandle Name="Vivado Synthesis Defaults" Flow="Vivado Synthesis 2019"/>
    <Step Id="synth_design"/>
  </Strategy>
</GenRun>
